Career,Skill,Importance
Data Analyst,Python,5
Data Analyst,SQL,5
Data Analyst,Excel,4
Data Analyst,Pandas,5
Data Analyst,NumPy,3
Data Analyst,Statistics,5
Data Analyst,Power BI,4
Data Analyst,Data Visualization,5
Data Analyst,Communication,3
Data Analyst,Problem Solving,4
Data Scientist,Python,5
Data Scientist,SQL,4
Data Scientist,Pandas,5
Data Scientist,NumPy,4
Data Scientist,Statistics,5
Data Scientist,Machine Learning,5
Data Scientist,Data Visualization,4
Data Scientist,Problem Solving,5
AI Engineer,Python,5
AI Engineer,NumPy,4
AI Engineer,Machine Learning,5
AI Engineer,Statistics,4
AI Engineer,Problem Solving,5
AI Engineer,Communication,3
Web Developer,HTML & CSS,5
Web Developer,Java,3
Web Developer,Python,3
Web Developer,Problem Solving,4
Web Developer,Communication,3
Healthcare Data Analyst,Python,5
Healthcare Data Analyst,SQL,5
Healthcare Data Analyst,Excel,4
Healthcare Data Analyst,Pandas,5
Healthcare Data Analyst,Statistics,5
Healthcare Data Analyst,Data Visualization,4
Healthcare Data Analyst,Communication,4
Healthcare Data Analyst,Problem Solving,5